brand,type,series,model,price
yamaha,classic,c,c40,298000
yamaha,electric,pacifica,012,538012
yamaha,classic,c,c40,234797
yamaha,electric,pacifica,112v,1110833
yamaha,acustic,fs,null,620831
yamaha,classic,c,c70,329352
yamaha,electric,pacifica,012,642015
yamaha,acustic,f,f370,577862
yamaha,classic,c,c40,318044
yamaha,classic,c,c40,251265
yamaha,electric,pacifica,012,625965
yamaha,classic,c,c40,234797
yamaha,classic,c,c40,260000
yamaha,electric,pacifica,112v,1110833
yamaha,classic,c,c40,259855
yamaha,acustic,fg,fs800,589326
yamaha,classic,c,c40,244000
yamaha,acustic,f,f310,537017
yamaha,acustic,fx,fx310,606784
yamaha,classic,c,c80,559999
yamaha,acustic,apx,apx600,1128589
yamaha,electric,pacifica,012,535013
yamaha,electric,revstar,null,2316481
yamaha,acustic,fg,fgx800c,896060
yamaha,classic,c,c40,358044
yamaha,classic,c,c40,293496
yamaha,classic,c,c40,278000
yamaha,classic,c,c80,515179
yamaha,electric,pacifica,012,625965
yamaha,acustic,fg,fg830,153767
yamaha,classic,c,c70,329352
yamaha,acustic,f,f310,598900
yamaha,electric,pacifica,012,104327
yamaha,acustic,fx,fx370,990774
yamaha,electric,revstar,null,2316481
yamaha,electric,pacifica,012,100221
yamaha,acustic,fs,null,607321
yamaha,electric,pacifica,012,535013
yamaha,acustic,apx,apx600,1144193
yamaha,electric,revstar,professional,6108056
yamaha,acustic,fx,fx310,118322
yamaha,acustic,fg,fg800,593326
yamaha,electric,pacifica,012,991664
yamaha,acustic,fx,fx370,165129
yamaha,classic,c,c40,254300
yamaha,acustic,fx,fx370,781984
yamaha,acustic,apx,apx600,1000875
yamaha,classic,c,c40,234797
yamaha,acustic,fx,fx370,781984
yamaha,classic,c,c40,234800
yamaha,acustic,fx,fx370,914921
yamaha,acustic,fx,fx370,990774
yamaha,electric,pacifica,null,1134929
yamaha,acustic,f,f370,530126
yamaha,electric,pacifica,null,1371589
yamaha,classic,c,c40,333000
yamaha,electric,pacifica,null,2933109
yamaha,acustic,f,f370,753734
yamaha,electric,revstar,null,3474721
yamaha,electric,pacifica,012,1304705
yamaha,electric,revstar,element,1528366
yamaha,acustic,fx,fx370,781984
yamaha,electric,pacifica,012,1013891
yamaha,acustic,f,f370,703485
yamaha,acustic,fg,fs800,589326
yamaha,acustic,fg,fgx800c,991666
yamaha,classic,c,c40,270017
yamaha,classic,c,c40,318100
yamaha,acustic,fx,fx370,914921
yamaha,electric,revstar,null,2443887
yamaha,classic,c,c80,619990
yamaha,acustic,fx,fx310,640157
yamaha,classic,c,c80,465509
yamaha,electric,revstar,null,2721865
yamaha,classic,c,c40,469990
yamaha,electric,revstar,null,2895601
yamaha,acustic,fg,fsx800c,1207352
yamaha,acustic,apx,null,974642
yamaha,electric,pacifica,012,1013891
yamaha,acustic,fg,fs800,795776
yamaha,electric,pacifica,012,1132600
yamaha,acustic,f,f310,530126
yamaha,acustic,f,f310,571977
yamaha,electric,revstar,null,2721865
yamaha,acustic,f,f310,696320
yamaha,acustic,fg,fsx800c,1207352
yamaha,classic,c,c70,373468
yamaha,electric,pacifica,null,1362988
yamaha,electric,revstar,null,2934981
yamaha,acustic,fs,null,1971121
yamaha,electric,revstar,null,2721865
yamaha,classic,c,c40,333000
yamaha,electric,revstar,null,2443887
yamaha,acustic,f,f370,530126
yamaha,electric,pacifica,null,881673
yamaha,electric,pacifica,null,798048
yamaha,acustic,f,f310,447514
yamaha,electric,pacifica,null,1362990
yamaha,acustic,fg,fsx800c,1207352
yamaha,acustic,fg,null,1769815
yamaha,electric,pacifica,012,611199
yamaha,acustic,f,f310,671272
yamaha,acustic,fx,fx370,918831
yamaha,electric,revstar,null,2934981
yamaha,acustic,apx,apx600,1052204
yamaha,electric,pacifica,112v,991664
yamaha,electric,pacifica,null,964342
yamaha,electric,revstar,null,2316481
yamaha,acustic,apx,apx700ii,1904603
yamaha,electric,pacifica,012,547407
yamaha,acustic,apx,null,946720
yamaha,acustic,fs,null,713602
yamaha,electric,revstar,null,2443887
yamaha,acustic,f,f310,636654
yamaha,acustic,fg,null,2125455
yamaha,electric,pacifica,112v,818588
yamaha,acustic,f,f370,577862
yamaha,acustic,f,f310,511236
yamaha,acustic,f,f370,502489
yamaha,acustic,f,f370,628111
yamaha,acustic,f,f370,703485
yamaha,electric,pacifica,012,1132600
yamaha,acustic,f,f370,753734
yamaha,electric,pacifica,null,849652
yamaha,acustic,cpx,null,1124069
yamaha,acustic,f,f310,559393
yamaha,electric,revstar,professional,7335457
yamaha,acustic,f,f310,500372
yamaha,electric,pacifica,null,1264018
yamaha,electric,revstar,element,1835488
yamaha,acustic,apx,apx600,902498
yamaha,electric,revstar,null,3243073
yamaha,electric,revstar,professional,6802811
yamaha,acustic,fs,null,750919
yamaha,acustic,apx,apx700ii,1511552
yamaha,electric,revstar,null,2663953
yamaha,acustic,cpx,null,1124060
yamaha,acustic,fs,null,640723
yamaha,acustic,f,f310,590425
yamaha,electric,pacifica,012,662007
yamaha,acustic,fg,null,1971121
yamaha,electric,revstar,null,2721865
yamaha,electric,revstar,null,2895601
yamaha,acustic,apx,apx700ii,1558142
yamaha,electric,pacifica,null,1264020
yamaha,electric,revstar,element,1528366
yamaha,acustic,f,f310,621714
yamaha,acustic,fs,null,625859
yamaha,acustic,f,f370,502489
yamaha,acustic,fs,null,2125455
yamaha,electric,revstar,element,1835488
yamaha,acustic,f,f370,590425
yamaha,electric,pacifica,null,1371589
yamaha,acustic,f,f370,628111
yamaha,electric,pacifica,null,1047589
yamaha,acustic,fs,fsx800c,1320760
yamaha,electric,pacifica,null,1371589
yamaha,acustic,f,f310,525830
yamaha,acustic,fx,fx370,824993
yamaha,electric,revstar,element,1702209
yamaha,acustic,apx,null,1904603
yamaha,acustic,f,f370,590425
yamaha,electric,revstar,null,2316481
yamaha,acustic,apx,apx600,868967
yamaha,acustic,apx,apx600,863151
yamaha,electric,revstar,element,1702209
yamaha,acustic,fs,null,750919
yamaha,acustic,f,f310,447514
yamaha,electric,pacifica,012,535013
yamaha,acustic,fx,fx310,768795
yamaha,acustic,f,f370,590425
yamaha,acustic,apx,null,1200016
yamaha,acustic,f,f370,530126
yamaha,acustic,fs,null,640723
yamaha,acustic,f,f310,626520
yamaha,electric,pacifica,null,701119
yamaha,acustic,f,f310,746057
yamaha,acustic,apx,apx600,1144193
yamaha,acustic,apx,null,1511590
yamaha,acustic,fs,null,713602
yamaha,electric,pacifica,null,1030768
yamaha,acustic,f,f370,502489
yamaha,acustic,fx,fx370,824993
yamaha,acustic,fx,fx370,990774
yamaha,acustic,fg,fg800,799165
yamaha,acustic,apx,apx600,1052204
yamaha,acustic,apx,apx600,1128589
yamaha,acustic,apx,apx600,1248590
yamaha,acustic,fx,fx310,606784
yamaha,acustic,fx,fx370,781984
yamaha,acustic,apx,apx700ii,2445109
yamaha,acustic,apx,apx600,1128589
yamaha,acustic,apx,apx600,1128589
yamaha,acustic,apx,apx600,855449
yamaha,acustic,f,f310,497371
yamaha,acustic,f,f310,447514
yamaha,acustic,apx,apx600,1128589
yamaha,acustic,apx,apx600,1128589
yamaha,acustic,f,f310,595990
yamaha,acustic,cpx,null,1432476
yamaha,acustic,apx,apx600,1128589
yamaha,acustic,f,f310,664189
yamaha,acustic,apx,apx600,1248590
yamaha,acustic,apx,apx700,1878752
yamaha,acustic,cpx,null,1779829
yamaha,acustic,fx,fx370,789984
yamaha,acustic,fs,null,607321
yamaha,acustic,fx,fx370,1117789
yamaha,acustic,fs,null,640723
yamaha,electric,pacifica,null,991664
yamaha,classic,c,c40,325000
yamaha,acustic,f,f370,502489
yamaha,acustic,f,f310,447514
yamaha,acustic,fx,fx370,781983
yamaha,acustic,f,f310,502839
yamaha,acustic,apx,apx600,1005152
yamaha,acustic,fx,null,781984
yamaha,acustic,f,f310,455802
yamaha,acustic,f,f310,447514
yamaha,acustic,fs,null,1737776
yamaha,electric,pacifica,null,1120720
yamaha,acustic,apx,apx700ii,1738285
yamaha,acustic,f,f310,447514
yamaha,acustic,fg,null,1372789
yamaha,acustic,fx,null,1056740
yamaha,acustic,fg,null,1372789
yamaha,acustic,fg,null,2594990
yamaha,electric,pacifica,null,656806
yamaha,acustic,fs,null,2227166
yamaha,acustic,cpx,null,1485420
yamaha,acustic,apx,apx600,1144193
yamaha,acustic,c,c80,1207352
yamaha,electric,pacifica,012,1796446
yamaha,electric,pacifica,null,2993000
yamaha,electric,pacifica,null,1032475
yamaha,acustic,apx,null,711488
yamaha,electric,revstar,null,3397304
yamaha,acustic,fg,fg800,868718
yamaha,acustic,f,f370,506524
yamaha,acustic,apx,apx700,2016116
yamaha,electric,pacifica,null,775200
yamaha,acustic,apx,apx600,1153220
yamaha,acustic,fg,null,1677549
yamaha,acustic,fs,null,1188920
yamaha,electric,revstar,null,2320600
yamaha,acustic,apx,apx600,855449
yamaha,electric,pacifica,012,538012
yamaha,acustic,fx,null,816200
yamaha,classic,c,c70,449676
yamaha,acustic,fx,null,1414219
yamaha,acustic,f,f370,789699
yamaha,electric,pacifica,012,726873
yamaha,acustic,fx,null,785984
yamaha,acustic,cpx,null,1436479
yamaha,acustic,fs,null,819668
yamaha,acustic,fg,null,1195601
yamaha,acustic,apx,apx600,855449
yamaha,electric,pacifica,null,1036861
yamaha,electric,revstar,null,2320600
yamaha,electric,revstar,null,3578090
yamaha,acustic,f,f310,819963
yamaha,acustic,fg,null,896060
yamaha,acustic,fg,fg830,1383911
yamaha,acustic,fg,null,931180
yamaha,acustic,cpx,null,958131
yamaha,acustic,apx,apx700ii,1879422
yamaha,acustic,fs,null,1306800
yamaha,electric,revstar,null,2240934
yamaha,acustic,apx,apx700,1511552
yamaha,acustic,fg,null,1245137
yamaha,electric,pacifica,null,901994
yamaha,electric,revstar,null,1340900
yamaha,electric,pacifica,112v,1304705
yamaha,electric,pacifica,null,774776
yamaha,acustic,fs,fs800,795776
yamaha,electric,revstar,element,2240934
yamaha,electric,pacifica,112v,1171459
yamaha,electric,revstar,null,1448690
yamaha,classic,c,c80,465509
yamaha,electric,pacifica,null,1259324
yamaha,acustic,apx,apx700ii,2245336
yamaha,electric,pacifica,null,1134927
yamaha,electric,pacifica,null,4057900
yamaha,electric,pacifica,null,688673
yamaha,acustic,fs,null,1677549
yamaha,electric,revstar,null,2721865
yamaha,acustic,f,f370,789699
yamaha,acustic,apx,apx700,1419475
yamaha,acustic,cpx,null,2220135
yamaha,acustic,fg,null,2227166
yamaha,acustic,apx,apx700ii,1879422
yamaha,acustic,fs,null,894000
yamaha,acustic,f,f310,610195
yamaha,acustic,apx,apx700ii,1415471
yamaha,classic,c,c80,465509
yamaha,classic,c,c70,329352
yamaha,acustic,fs,null,607321
yamaha,electric,revstar,null,2242309
yamaha,electric,revstar,null,3578090
yamaha,acustic,fg,null,1677549
yamaha,acustic,fx,null,606784
yamaha,electric,pacifica,012,625965
yamaha,acustic,f,f310,450515
yamaha,classic,c,c40,432700
yamaha,classic,c,c80,627260
yamaha,classic,c,c40,348824
yamaha,electric,pacifica,112v,1304705
yamaha,electric,pacifica,null,832704
epiphone,electric,special,les paul,93116
epiphone,electric,special,les paul,122590
epiphone,electric,modern,sg,141967
epiphone,electric,modern,sg,143202
epiphone,electric,modern,sg,143202
epiphone,electric,modern,sg,143202
epiphone,electric,special,sg,149374
epiphone,electric,modern,les paul,154395
epiphone,electric,modern,les paul,165423
epiphone,electric,modern,les paul,165423
epiphone,electric,standard,sg,165423
epiphone,electric,custom,null,196684
epiphone,electric,standard,les paul,214803
epiphone,electric,standard,les paul,214803
epiphone,electric,modern,sg,242726
epiphone,electric,modern,sg,244398
epiphone,electric,modern,les paul,253649
epiphone,electric,studio,les paul,254932
epiphone,electric,standard,sg,282322
epiphone,electric,modern,les paul,329365
epiphone,electric,melody maker,les paul,375288
epiphone,electric,melody maker,les paul,375288
epiphone,electric,melody maker,les paul,375288
epiphone,electric,melody maker,les paul,375288
epiphone,electric,melody maker,les paul,416598
epiphone,electric,melody maker,les paul,431582
epiphone,electric,melody maker,les paul,431582
epiphone,electric,special,les paul,474048
epiphone,electric,special,les paul,474048
epiphone,electric,special,les paul,474048
epiphone,electric,special,les paul,474048
epiphone,electric,melody maker,les paul,480368
epiphone,electric,melody maker,null,491586
epiphone,electric,special,les paul,524839
epiphone,electric,special,les paul,526229
epiphone,electric,standard,les paul,543576
epiphone,electric,special,les paul,545156
epiphone,electric,special,les paul,545156
epiphone,electric,special,les paul,545156
epiphone,electric,special,null,557007
epiphone,electric,special,les paul,606781
epiphone,electric,special,les paul,606781
epiphone,electric,special,les paul,606782
epiphone,electric,studio,les paul,632065
epiphone,electric,studio,les paul,632065
epiphone,electric,studio,les paul,632065
epiphone,electric,studio,les paul,632065
epiphone,electric,studio,les paul,632065
epiphone,electric,studio,les paul,632065
epiphone,electric,studio,les paul,632065
epiphone,electric,studio,les paul,632065
epiphone,electric,melody maker,les paul,637990
epiphone,electric,special,les paul,663668
epiphone,electric,special,les paul,663668
epiphone,electric,studio,les paul,666828
epiphone,electric,special,null,671569
epiphone,electric,special,null,671570
epiphone,electric,special,null,708505
epiphone,electric,special,les paul,711073
epiphone,electric,special,les paul,711073
epiphone,electric,special,les paul,722359
epiphone,electric,studio,les paul,726875
epiphone,electric,studio,les paul,742676
epiphone,electric,studio,les paul,742676
epiphone,electric,studio,les paul,742676
epiphone,electric,special,les paul,744934
epiphone,electric,special,les paul,744934
epiphone,electric,special,null,772305
epiphone,electric,special,null,789094
epiphone,electric,special,les paul,790085
epiphone,electric,studio,les paul,808043
epiphone,electric,studio,les paul,808043
epiphone,electric,studio,les paul,809043
epiphone,electric,special,les paul,830713
epiphone,electric,studio,les paul,839990
epiphone,electric,special,les paul,856675
epiphone,electric,special,les paul,856675
epiphone,electric,special,null,859608
epiphone,electric,special,les paul,902949
epiphone,electric,special,les paul,908598
epiphone,electric,special,les paul,931168
epiphone,electric,special,les paul,931168
epiphone,electric,special,les paul,987606
epiphone,electric,special,les paul,1042908
epiphone,electric,special,les paul,1042908
epiphone,electric,special,les paul,1055903
epiphone,electric,special,les paul,1106119
epiphone,electric,special,les paul,1117402
epiphone,electric,modern,les paul,1119990
epiphone,electric,modern,sg,1145618
epiphone,electric,modern,sg,1145618
epiphone,electric,modern,sg,1145618
epiphone,electric,modern,sg,1145618
epiphone,electric,special,les paul,1185128
epiphone,electric,studio,les paul,1194998
epiphone,electric,studio,les paul,1194998
epiphone,electric,studio,les paul,1194998
epiphone,electric,studio,les paul,1194998
epiphone,electric,special,sg,1194998
epiphone,electric,special,sg,1194998
epiphone,electric,special,sg,1194998
epiphone,electric,special,sg,1194998
epiphone,electric,special,sg,1194998
epiphone,electric,special,les paul,1276172
epiphone,electric,modern,sg,1317461
epiphone,electric,modern,les paul,1323386
epiphone,electric,modern,les paul,1323386
epiphone,electric,modern,les paul,1323386
epiphone,electric,modern,les paul,1323386
epiphone,electric,modern,les paul,1323386
epiphone,electric,modern,les paul,1323386
epiphone,electric,modern,les paul,1323386
epiphone,electric,standard,sg,1323386
epiphone,electric,standard,sg,1323386
epiphone,electric,standard,sg,1325386
epiphone,electric,studio,les paul,1326534
epiphone,electric,studio,les paul,1326534
epiphone,electric,studio,les paul,1326534
epiphone,electric,studio,les paul,1374248
epiphone,electric,studio,les paul,1374248
epiphone,electric,special,sg,1374248
epiphone,electric,special,sg,1374248
epiphone,electric,special,les paul,1389990
epiphone,electric,special,les paul,1389990
epiphone,electric,modern,sg,1466391
epiphone,electric,studio,les paul,1510259
epiphone,electric,special,sg,1519132
epiphone,electric,standard,sg,1521894
epiphone,electric,standard,sg,1521894
epiphone,electric,special,les paul,1528597
epiphone,electric,special,les paul,1528597
epiphone,electric,studio,les paul,1529597
epiphone,electric,studio,les paul,1529597
epiphone,electric,special,sg,1529597
epiphone,electric,studio,les paul,1529597
epiphone,electric,custom,null,1590039
epiphone,electric,custom,null,1590039
epiphone,electric,custom,null,1590039
epiphone,electric,studio,les paul,1672997
epiphone,electric,studio,les paul,1672997
epiphone,electric,special,sg,1672997
epiphone,electric,custom,sg,1678923
epiphone,electric,modern,les paul,1693934
epiphone,electric,standard,sg,1693934
epiphone,electric,modern,les paul,1693934
epiphone,electric,es-335,null,1718427
epiphone,electric,standard,les paul,1718427
epiphone,electric,standard,les paul,1718427
epiphone,electric,standard,les paul,1718427
epiphone,electric,standard,les paul,1718427
epiphone,electric,standard,les paul,1718427
epiphone,electric,standard,les paul,1718427
epiphone,electric,modern,les paul,1718427
epiphone,electric,standard,les paul,1718427
epiphone,electric,standard,null,1718427
epiphone,electric,standard,les paul,1718427
epiphone,electric,es-335,null,1718427
epiphone,electric,standard,les paul,1718427
epiphone,electric,modern,les paul,1718428
epiphone,electric,standard,les paul,1719427
epiphone,electric,modern,les paul,1733485
epiphone,electric,modern,les paul,1733485
epiphone,electric,custom,sg,1771264
epiphone,electric,studio,les paul,1792497
epiphone,electric,custom,null,1828545
epiphone,electric,standard,sg,1852741
epiphone,electric,standard,sg,1852741
epiphone,electric,modern,les paul,1856691
epiphone,electric,modern,les paul,1856691
epiphone,electric,modern,les paul,1856691
epiphone,electric,modern,les paul,1856692
epiphone,electric,modern,les paul,1907578
epiphone,electric,standard,les paul,1907578
epiphone,electric,standard,les paul,1907578
epiphone,electric,modern,null,1958809
epiphone,electric,custom,sg,1972735
epiphone,electric,custom,sg,1972735
epiphone,electric,standard,les paul,1976191
epiphone,electric,standard,les paul,1976191
epiphone,electric,standard,les paul,1976191
epiphone,electric,standard,les paul,1976191
epiphone,electric,es-335,null,1976191
epiphone,electric,sheraton,null,1985080
epiphone,electric,sheraton,null,1985080
epiphone,electric,sheraton,null,1985081
epiphone,electric,es-335,null,2009519
epiphone,electric,es-335,null,2035249
epiphone,electric,custom,null,2035249
epiphone,electric,modern,sg,2035249
epiphone,electric,custom,null,2035249
epiphone,electric,modern,les paul,2135194
epiphone,electric,modern,les paul,2135196
epiphone,electric,sheraton,null,2136886
epiphone,electric,standard,les paul,2148034
epiphone,electric,es-335,null,2148034
epiphone,electric,standard,les paul,2171778
epiphone,electric,modern,null,2181612
epiphone,electric,standard,les paul,2184538
epiphone,electric,standard,les paul,2199586
epiphone,electric,standard,les paul,2199586
epiphone,electric,modern,les paul,2199586
epiphone,electric,standard,les paul,2199586
epiphone,electric,standard,les paul,2199586
epiphone,electric,standard,les paul,2199586
epiphone,electric,modern,les paul,2199586
epiphone,electric,standard,les paul,2199586
epiphone,electric,es-335,null,2199586
epiphone,electric,standard,les paul,2199586
epiphone,electric,custom,null,2226054
epiphone,electric,standard,les paul,2249990
epiphone,electric,modern,les paul,2250942
epiphone,electric,sheraton,null,2282843
epiphone,electric,standard,les paul,2299990
epiphone,electric,custom,sg,2350492
epiphone,electric,modern,les paul,2376564
epiphone,electric,modern,les paul,2376564
epiphone,electric,modern,les paul,2376564
epiphone,electric,modern,les paul,2376564
epiphone,electric,standard,les paul,2405798
epiphone,electric,standard,null,2405798
epiphone,electric,es-335,null,2405798
epiphone,electric,standard,les paul,2405798
epiphone,electric,standard,les paul,2405798
epiphone,electric,es-335,null,2429500
epiphone,electric,modern,null,2432053
epiphone,electric,standard,les paul,2548013
epiphone,electric,standard,les paul,2548013
epiphone,electric,standard,les paul,2548013
epiphone,electric,standard,les paul,2548013
epiphone,electric,standard,les paul,2548013
epiphone,electric,standard,les paul,2577641
epiphone,electric,standard,les paul,2577641
epiphone,electric,es-335,null,2577641
epiphone,electric,standard,sg,2882216
epiphone,electric,standard,sg,2882216
epiphone,electric,sheraton,null,2962806
epiphone,electric,es-335,null,3109760
epiphone,electric,standard,les paul,3261456
epiphone,electric,standard,les paul,3261456
epiphone,electric,standard,les paul,3261456
epiphone,electric,standard,les paul,3261456
epiphone,electric,standard,les paul,3261456
epiphone,electric,sheraton,null,3319794
epiphone,electric,sheraton,null,3374636
epiphone,electric,custom,les paul,3456607
epiphone,electric,custom,null,3456607
epiphone,electric,custom,les paul,3456607
epiphone,electric,sheraton,null,3583715
epiphone,electric,custom,null,4424456
epiphone,electric,custom,les paul,4424456
epiphone,electric,custom,les paul,4424456
cort,electric,x,x100,467727
cort,acustic,af,af515,356318
cort,electric,kx,kx507,1580162
cort,electric,g,g110,449350
cort,electric,x,x100,467727
cort,acustic,af,af510,349700
cort,electric,g,g260,1099793
cort,electric,g,g110,442445
cort,acustic,ad,ad810,381995
cort,electric,x,x100,467727
cort,electric,x,x700,2654673
cort,electric,g,g110,345664
cort,acustic,ad,ad880,614810
cort,electric,cr,cr200,862140
cort,electric,kx,kx100,474048
cort,acustic,ad,ad880,543181
cort,electric,kx,kx100,556840
cort,electric,kx,kx307,1036586
cort,acustic,af,af510,302001
cort,acustic,ad,ad810,388500
cort,electric,g,g110,428851
cort,electric,cr,cr100,589296
cort,electric,g,g110,462705
cort,acustic,af,af510,403662
cort,electric,g,g200,493801
cort,acustic,ad,ad810,313312
cort,acustic,af,af510,349808
cort,electric,cr,cr250,978740
cort,electric,g,g110,345660
cort,acustic,l,l450,935456
cort,electric,x,x700,2515618
cort,acustic,ad,ad810,403995
cort,electric,g,g200,633065
cort,electric,g,g250,109788
cort,electric,g,g250,736500
cort,electric,x,x300,1137716
cort,acustic,earth,null,608362
cort,electric,g,g250,577999
cort,electric,cr,cr250,1174500
cort,acustic,af,af510,375845
cort,electric,x,x700,2515618
cort,electric,g,g280,1415826
cort,acustic,af,af510,385397
cort,electric,cr,cr100,589246
cort,electric,x,x100,467727
cort,acustic,ad,ad810,360308
cort,acustic,ad,ad810,523172
cort,electric,kx,kx307,809833
cort,acustic,af,af510,315045
cort,acustic,ad,ad810,540259
cort,electric,g,g260,1052519
cort,electric,g,g110,442444
cort,acustic,ad,ad810,437414
cort,electric,g,g300,1435972
cort,electric,kx,kx307,1036586
cort,acustic,ad,ad810,481319
cort,electric,x,x300,888841
cort,electric,kx,kx300,1008774
cort,acustic,ad,ad810,313306
cort,acustic,ad,ad810,398262
cort,electric,kx,kx508,2199586
cort,electric,g,g250,658731
cort,acustic,af,af510,403662
cort,electric,g,g250,754125
cort,acustic,ad,ad810,551124
cort,electric,kx,kx300,788106
cort,electric,x,x100,467727
cort,electric,g,g260,1009273
cort,electric,kx,kx300,926025
cort,acustic,ad,ad810,418545
cort,electric,g,g250,733195
cort,electric,kx,kx500,1669047
cort,electric,cr,cr250,978740
cort,electric,x,x300,983442
cort,electric,x,x100,467727
cort,electric,g,g250,583357
cort,electric,kx,kx300,1008774
cort,acustic,ad,ad880,469999
cort,electric,g,g110,442444
cort,electric,g,g110,442445
cort,acustic,earth,null,744436
cort,electric,kx,kx508,1718427
cort,acustic,ad,ad880,460925
cort,electric,g,g250,572809
cort,electric,kx,kx100,606781
cort,electric,kx,kx300,831452
cort,electric,g,g110,442445
cort,electric,g,g250,734195
cort,classic,ac,ac120,477999
cort,electric,x,x300,1044389
cort,electric,g,g250,733195
cort,electric,kx,kx100,583348
cort,electric,cr,cr200,862140
cort,electric,g,g200,506180
cort,electric,x,x300,1137716
cort,electric,kx,kx500,1870912
cort,electric,g,null,1461650
cort,electric,g,g250,573809
cort,electric,g,g250,572809
cort,classic,ac,ac100,327424
cort,electric,x,x700,1965327
cort,electric,x,x700,2073964
cort,acustic,ad,ad880,488853
cort,electric,kx,kx300,1183641
cort,electric,g,g280,1106114
cort,electric,x,x700,2515618
cort,acustic,ad,ad810,531037
cort,electric,g,g290,1516956
cort,acustic,earth,null,607171
cort,electric,x,x700,2654673
cort,classic,ac,ac100,315045
cort,electric,kx,kx300,1289412
cort,acustic,ad,ad810,546768
cort,electric,g,null,1870912
cort,electric,kx,kx100,617161
cort,electric,g,g260,871649
cort,electric,g,g110,397509
cort,electric,g,g260,859213
cort,electric,kx,kx100,474048
cort,acustic,mr,mr600,923854
cort,electric,g,g260,859213
cort,electric,g,g200,493801
cort,acustic,ad,ad810,437413
cort,electric,kx,kx300,831452
cort,acustic,earth,null,608362
cort,electric,cr,cr250,1174500
cort,electric,kx,kx100,474048
cort,acustic,mr,mr710,965381
cort,electric,g,g260,1052519
cort,classic,ac,ac100,400472
cort,electric,kx,kx300,831452
cort,electric,cr,cr250,978740
cort,acustic,earth,null,375288
cort,electric,cr,cr250,1108611
cort,electric,g,g200,610222
cort,electric,g,g200,632065
cort,electric,x,x300,937728
cort,electric,g,g110,354781
cort,classic,ac,ac200,432364
cort,electric,g,g250,754125
cort,electric,g,g260,859213
cort,electric,kx,kx100,606782
cort,electric,kx,kx100,500121
cort,acustic,earth,null,614073
cort,electric,g,g290,1185122
cort,electric,cr,cr250,978740
cort,electric,kx,kx100,481766
cort,acustic,af,af510,317672
cort,electric,kx,kx100,583348
cort,electric,g,g260,1009273
cort,electric,kx,kx100,508617
cort,electric,kx,kx507,2022608
cort,electric,kx,kx100,508617
cort,electric,kx,kx100,617161
cort,electric,g,g200,632065
cort,acustic,earth,null,474739
cort,electric,kx,kx300,1008354
cort,electric,kx,kx300,788106
cort,electric,cr,cr200,862140
cort,electric,kx,kx500,1669047
cort,acustic,af,af510,333563
cort,acustic,af,af510,396045
cort,electric,kx,kx300,926025
cort,electric,g,g300,1838044
cort,electric,kx,kx500,2136380
cort,electric,g,g250,572809
cort,classic,ac,ac200,537397
cort,electric,kx,kx100,481766
cort,electric,kx,kx500,2136380
cort,electric,g,g290,1516956
cort,electric,g,g290,1186122
cort,electric,kx,kx100,474048
cort,classic,ac,ac200,355535
cort,electric,g,g260,810579
cort,electric,kx,kx700,2654673
cort,electric,g,g250,706101
cort,electric,g,g300,1435972
cort,electric,cr,cr250,1108611
cort,electric,kx,kx100,557007
cort,electric,kx,kx500,1461650
cort,acustic,earth,null,395743
cort,electric,kx,kx700,2073964
cort,electric,g,g250,572809
cort,electric,kx,kx700,2190378
cort,electric,g,g110,345560
cort,electric,g,g250,658730
cort,acustic,ad,ad810,480419
cort,electric,kx,kx300,1008354
cort,acustic,af,af510,314388
cort,acustic,earth,null,608362
cort,classic,ac,ac200,444747
cort,electric,g,g280,1116661
cort,acustic,ad,ad810,437400
cort,acustic,earth,null,528405
cort,classic,ac,ac200,445862
cort,electric,kx,kx500,1547979
cort,electric,kx,kx300,802415
cort,electric,g,g110,428851
cort,electric,x,x700,2086178
cort,acustic,ac,ac250,125183
cort,acustic,mr,mr710,839460
cort,electric,g,g300,1411312
cort,electric,kx,kx507,1580163
cort,acustic,earth,null,699617
cort,acustic,af,af590,493801
cort,acustic,earth,null,423367
cort,acustic,earth,null,548213
cort,electric,g,g300,1448180
cort,electric,g,g290,1197327
cort,electric,g,g260,859222
cort,electric,g,g290,1240994
cort,acustic,earth,null,511894
cort,electric,g,g290,1274505
cort,electric,kx,kx300,798650
cort,acustic,af,af510,362301
cort,electric,x,x700,1977540
cort,electric,x,x500,1669065
cort,electric,g,g280,1118318
cort,electric,g,g260,871414
cort,electric,x,x700,2086178
cort,electric,kx,kx300,1017900
cort,electric,x,x700,1977540
cort,electric,g,g260,871414
cort,electric,kx,kx300,1073890
cort,electric,g,g250,572809
cort,acustic,ad,ad810,463381
cort,electric,g,g290,1185122
cort,acustic,ad,ad810,463381
cort,acustic,earth,null,478284
cort,acustic,ad,ad810,418537
cort,acustic,l,l300,1106114
cort,classic,ac,ac120,607611
cort,acustic,earth,null,385164
cort,acustic,ad,ad810,418545
cort,acustic,earth,null,480368
cort,acustic,af,af510,386571
cort,acustic,mr,mr730,1643368
cort,classic,ac,ac100,315045
cort,acustic,af,af510,423681
cort,acustic,earth,null,608362
cort,acustic,ad,ad880,523416
cort,acustic,af,af510,304181
cort,acustic,ad,ad880,666616
cort,acustic,af,af510,315045
cort,acustic,af,af510,405516
cort,acustic,af,af510,390567
cort,acustic,af,af590,634040
cort,acustic,af,af510,576645
cort,acustic,af,af510,537411
cort,acustic,earth,null,493010
cort,acustic,ad,ad810,422239
cort,acustic,ad,ad810,556015
cort,acustic,ad,ad810,437408
cort,acustic,mr,mr710,839461
cort,acustic,af,af510,418545
cort,acustic,grand regal,null,1213564
cort,classic,ac,ac100,315045
cort,acustic,earth,null,778703
cort,classic,ac,ac100,400472
cort,acustic,ad,ad810,331170
cort,acustic,l,l450,967849
cort,acustic,l,l100,619661
cort,acustic,earth,null,733626
cort,classic,ac,ac100,400472
cort,acustic,earth,null,511827
cort,acustic,af,af510,444865
cort,acustic,ad,ad810,418500
cort,acustic,af,af510,418537
cort,acustic,mr,mr500,691320
cort,acustic,ad,ad880,434464
cort,acustic,af,af510,348822
cort,acustic,af,af510,469106
cort,acustic,af,af510,463420
cort,acustic,ad,ad810,367783
cort,acustic,earth,null,412817
cort,acustic,earth,null,998794
cort,acustic,ad,ad810,503026
cort,acustic,ad,ad810,546768
cort,classic,ac,ac120,485673
cort,acustic,af,af510,439465
cort,acustic,ad,ad810,437400
cort,acustic,ad,ad810,313307
cort,classic,ac,ac160,631599
cort,classic,ac,ac160,765404
cort,acustic,ad,ad880,404769
cort,acustic,ad,ad810,344571
cort,acustic,earth,null,601028
cort,acustic,ad,ad880,647339
cort,acustic,earth,null,397569
cort,acustic,l,l450,744319
cort,acustic,af,af510,429095
cort,acustic,ad,ad880,536790
cort,acustic,af,af510,515908
cort,acustic,earth,null,728282
cort,classic,ac,ac120,477998
cort,acustic,earth,null,614073
cort,acustic,ad,ad810,415755
cort,acustic,af,af510,526883
cort,acustic,earth,null,725342
cort,classic,ac,ac100,394934
cort,acustic,af,af510,436088
cort,acustic,earth,null,466314
cort,classic,ac,ac200,537397
cort,acustic,l,l450,900925
cort,acustic,earth,null,670124
cort,classic,ac,ac250,620736
cort,acustic,earth,null,390132
cort,classic,ac,ac200,497219
cort,acustic,mr,mr730,1476465
cort,acustic,mr,mr730,1283882
cort,acustic,earth,null,712620
cort,acustic,earth,null,540568
cort,acustic,earth,null,474740
cort,classic,ac,ac200,445862
cort,acustic,af,af510,598509
cort,acustic,af,af510,423680
cort,acustic,ad,ad810,439465
cort,acustic,af,af510,317101
cort,acustic,ad,ad810,598509
cort,acustic,af,af510,605864
cort,acustic,af,af510,431861
cort,acustic,af,af510,393806
cort,acustic,ad,ad810,332169
cort,acustic,ad,ad810,415212
cort,acustic,ad,ad810,360308
cort,classic,ac,ac150,465798
cort,classic,ac,ac150,465798
cort,acustic,earth,null,543181
cort,acustic,earth,null,624658
cort,classic,ac,ac150,405041
cort,acustic,earth,null,540568
cort,acustic,af,af590,493800
cort,acustic,ad,ad810,330544
cort,acustic,l,l100,638649
cort,acustic,ad,ad810,330544
cort,acustic,ad,ad810,368141
cort,classic,ac,ac250,752213
cort,acustic,af,af510,320911
cort,acustic,ad,ad810,368141
cort,acustic,earth,null,714826
cort,acustic,earth,null,641822
cort,acustic,earth,null,770795
cort,acustic,ad,ad810,396966
cort,acustic,ad,ad810,535064
cort,acustic,af,af510,357413
cort,acustic,earth,null,412817
cort,acustic,earth,null,744436
cort,acustic,earth,null,412818
cort,acustic,earth,null,670124
cort,acustic,l,l450,1238847
cort,classic,ac,ac160,762463
cort,acustic,mr,mr710,1074510
cort,acustic,af,af510,441557
cort,acustic,af,af510,302008
cort,classic,ac,ac150,405041
cort,acustic,earth,null,385164
cort,acustic,af,af590,493800
cort,classic,ac,ac200,432364
cort,acustic,mr,mr710,965380
cort,acustic,earth,null,442938
cort,acustic,earth,null,699616
cort,acustic,mr,mr710,1074510
cort,acustic,ad,ad810,437414
cort,acustic,earth,null,998794
cort,acustic,earth,null,812990
cort,acustic,ad,ad810,549990
cort,acustic,ad,ad810,332169
cort,acustic,mr,mr710,839461
cort,acustic,af,af510,304181
cort,acustic,ad,ad810,418538
cort,acustic,earth,null,998794
cort,acustic,earth,null,812990
cort,acustic,ad,ad810,549990
cort,acustic,ad,ad810,332169
cort,acustic,mr,mr710,839461
cort,acustic,af,af510,304181
cort,acustic,ad,ad810,418538
cort,acustic,earth,null,768610
cort,acustic,mr,mr710,1120990
cort,acustic,earth,null,997990
cort,acustic,ad,ad810,584990
cort,acustic,ad,ad810,423990
cort,acustic,af,af590,622188
cort,acustic,earth,null,768610
cort,acustic,earth,null,608362
cort,acustic,earth,null,608362
cort,acustic,earth,null,812990
cort,acustic,earth,null,998794
cort,acustic,ad,ad810,449990
cort,acustic,ad,ad810,313312
cort,acustic,ad,ad810,423990
cort,acustic,af,af510,315045
cort,acustic,af,af510,428990
cort,acustic,af,af510,417990
cort,acustic,ad,ad810,335784
cort,acustic,ad,ad810,313312
cort,acustic,earth,null,768610
cort,acustic,earth,null,812990
cort,acustic,earth,null,540568
cort,acustic,ad,ad810,360308
cort,acustic,earth,null,412817
cort,acustic,mr,mr600,763005
cort,acustic,mr,mr710,839461
cort,acustic,ad,ad810,518996
cort,acustic,ad,ad810,418500
cort,acustic,ad,ad880,437409
cort,acustic,ad,ad880,614810
cort,acustic,af,af510,520297
cort,acustic,ad,ad810,388500
cort,acustic,ad,ad810,418545
cort,acustic,th,th100,608362
cort,acustic,mr,mr730,246077
cort,acustic,ad,ad810,418538
cort,acustic,af,af510,491782
cort,acustic,earth,null,385164
cort,acustic,earth,null,470059
cort,acustic,earth,null,480109
cort,acustic,earth,null,442939
cort,acustic,ad,ad810,313312
cort,acustic,earth,null,767457
cort,acustic,af,af510,347301
cort,acustic,ad,ad810,368031
cort,acustic,earth,null,819513
cort,acustic,af,af510,374491
cort,acustic,earth,null,474740
squier,electric,bullet,telecaster,521039
squier,electric,bullet,stratocaster,453077
squier,electric,bullet,stratocaster,453077
squier,electric,affinity,stratocaster,786028
squier,electric,bullet,telecaster,521039
squier,electric,contemporary,telecaster,184825
squier,electric,affinity,stratocaster,786028
squier,electric,affinity,stratocaster,786028
squier,electric,bullet,stratocaster,453639
squier,electric,affinity,telecaster,829264
squier,electric,affinity,telecaster,598357
squier,electric,affinity,stratocaster,683506
squier,electric,affinity,stratocaster,598357
squier,electric,affinity,stratocaster,683502
squier,electric,affinity,telecaster,523238
squier,electric,bullet,stratocaster,521039
squier,electric,affinity,stratocaster,683506
squier,electric,bullet,stratocaster,521039
squier,electric,bullet,telecaster,453077
squier,electric,bullet,telecaster,696516
squier,electric,affinity,telecaster,544998
squier,electric,bullet,telecaster,597498
squier,electric,bullet,telecaster,549698
squier,electric,contemporary,stratocaster,1001315
squier,electric,bullet,stratocaster,599000
squier,electric,bullet,telecaster,605666
squier,electric,affinity,null,829264
squier,electric,bullet,stratocaster,569999
squier,electric,contemporary,telecaster,184825
squier,electric,bullet,stratocaster,545000
squier,electric,affinity,telecaster,626747
squier,electric,contemporary,telecaster,899997
squier,electric,contemporary,stratocaster,833770
squier,electric,bullet,telecaster,669198
squier,electric,affinity,telecaster,860202
squier,electric,affinity,telecaster,721099
squier,electric,bullet,telecaster,716998
squier,electric,affinity,stratocaster,683502
squier,electric,bullet,telecaster,716998
squier,electric,bullet,telecaster,549698
squier,electric,bullet,telecaster,949999
squier,electric,contemporary,stratocaster,1500036
squier,electric,affinity,telecaster,1193566
squier,electric,affinity,stratocaster,683502
squier,electric,affinity,telecaster,788681
squier,electric,affinity,stratocaster,786027
squier,electric,affinity,telecaster,749999
squier,electric,affinity,null,721099
squier,electric,affinity,telecaster,829264
squier,electric,affinity,telecaster,906984
squier,electric,affinity,stratocaster,958045
squier,electric,affinity,telecaster,721099
squier,electric,affinity,telecaster,958045
squier,electric,affinity,stratocaster,829265
squier,electric,contemporary,stratocaster,1350032
squier,electric,affinity,stratocaster,786028
squier,electric,affinity,telecaster,626747
squier,electric,affinity,telecaster,785399
squier,electric,bullet,telecaster,477998
squier,electric,contemporary,null,287506
squier,electric,bullet,stratocaster,566035
squier,electric,affinity,stratocaster,958045
squier,electric,affinity,telecaster,869549
squier,electric,affinity,null,829264
squier,electric,contemporary,telecaster,1034997
squier,electric,affinity,telecaster,721099
squier,electric,bullet,telecaster,453077
squier,electric,contemporary,stratocaster,945307
squier,electric,contemporary,stratocaster,1552537
squier,electric,affinity,telecaster,829264
squier,electric,affinity,stratocaster,958045
squier,electric,contemporary,telecaster,899997
squier,electric,bullet,telecaster,521039
squier,electric,affinity,stratocaster,860202
squier,electric,affinity,telecaster,829264
squier,electric,bullet,telecaster,477998
squier,electric,affinity,stratocaster,901375
squier,electric,bullet,telecaster,597498
squier,electric,contemporary,telecaster,1108955
squier,electric,contemporary,telecaster,964308
squier,electric,affinity,stratocaster,829265
squier,electric,affinity,stratocaster,683502
squier,electric,bullet,stratocaster,508227
squier,electric,contemporary,stratocaster,928607
squier,electric,affinity,null,829264
squier,electric,contemporary,telecaster,1124997
squier,electric,affinity,stratocaster,829265
squier,electric,affinity,stratocaster,721100
squier,electric,affinity,telecaster,560999
squier,electric,contemporary,telecaster,1124778
squier,electric,affinity,stratocaster,1033058
squier,electric,affinity,stratocaster,860202
squier,electric,affinity,stratocaster,1399349
squier,electric,affinity,telecaster,860202
squier,electric,bullet,stratocaster,453077
squier,electric,bullet,stratocaster,521038
squier,electric,affinity,stratocaster,998970
squier,electric,affinity,telecaster,1044999
squier,electric,affinity,stratocaster,721100
squier,electric,affinity,stratocaster,1082951
squier,electric,contemporary,telecaster,899997
squier,electric,affinity,stratocaster,1517855
squier,electric,affinity,telecaster,1329999
squier,electric,affinity,stratocaster,829265
squier,electric,affinity,telecaster,829264
squier,electric,affinity,telecaster,1443359
squier,electric,affinity,telecaster,958045
squier,electric,affinity,stratocaster,1193566
squier,electric,bullet,telecaster,620927
squier,electric,bullet,telecaster,696516
squier,electric,bullet,stratocaster,866015
squier,electric,classic vibe,telecaster,1872902
squier,electric,bullet,null,605666
squier,electric,affinity,null,983545
squier,electric,affinity,stratocaster,721100
squier,electric,affinity,stratocaster,721100
squier,electric,affinity,telecaster,361609
squier,electric,classic vibe,telecaster,1140028
squier,electric,classic vibe,telecaster,1628611
squier,electric,classic vibe,telecaster,1447835
squier,electric,bullet,stratocaster,669116
squier,electric,affinity,telecaster,544998
squier,electric,affinity,telecaster,729980
squier,electric,affinity,telecaster,601724
squier,electric,classic vibe,null,3249159
squier,electric,classic vibe,stratocaster,1659000
squier,electric,classic vibe,stratocaster,1652000
squier,electric,classic vibe,telecaster,1666000
squier,electric,bullet,telecaster,549698
squier,electric,classic vibe,telecaster,1628611
squier,electric,classic vibe,telecaster,1872902
